{
    "name": "root",
    "gauges": {
        "AttackingSeq.Policy.Entropy.mean": {
            "value": 4.483302593231201,
            "min": 4.483302593231201,
            "max": 6.719996929168701,
            "count": 5
        },
        "AttackingSeq.Policy.Entropy.sum": {
            "value": 224169.609375,
            "min": 224169.609375,
            "max": 335999.84375,
            "count": 5
        },
        "AttackingSeq.Environment.EpisodeLength.mean": {
            "value": 0.0002400480096019204,
            "min": 0.0002400480096019204,
            "max": 0.0011813940449730681,
            "count": 5
        },
        "AttackingSeq.Environment.EpisodeLength.sum": {
            "value": 12.0,
            "min": 12.0,
            "max": 59.0,
            "count": 5
        },
        "AttackingSeq.Step.mean": {
            "value": 249999.0,
            "min": 49999.0,
            "max": 249999.0,
            "count": 5
        },
        "AttackingSeq.Step.sum": {
            "value": 249999.0,
            "min": 49999.0,
            "max": 249999.0,
            "count": 5
        },
        "AttackingSeq.Policy.ExtrinsicValueEstimate.mean": {
            "value": -0.32032182812690735,
            "min": -0.8780416250228882,
            "max": -0.32032182812690735,
            "count": 5
        },
        "AttackingSeq.Policy.ExtrinsicValueEstimate.sum": {
            "value": -16012.248046875,
            "min": -43849.3984375,
            "max": -16012.248046875,
            "count": 5
        },
        "AttackingSeq.Environment.CumulativeReward.mean": {
            "value": 0.0,
            "min": 0.0,
            "max": 0.0,
            "count": 5
        },
        "AttackingSeq.Environment.CumulativeReward.sum": {
            "value": 0.0,
            "min": 0.0,
            "max": 0.0,
            "count": 5
        },
        "AttackingSeq.Policy.ExtrinsicReward.mean": {
            "value": 0.0,
            "min": 0.0,
            "max": 0.0,
            "count": 5
        },
        "AttackingSeq.Policy.ExtrinsicReward.sum": {
            "value": 0.0,
            "min": 0.0,
            "max": 0.0,
            "count": 5
        },
        "AttackingSeq.Losses.PolicyLoss.mean": {
            "value": 0.024098485678900033,
            "min": 0.02294329493602345,
            "max": 0.02520412238780409,
            "count": 5
        },
        "AttackingSeq.Losses.PolicyLoss.sum": {
            "value": 0.12049242839450017,
            "min": 0.09852026952343294,
            "max": 0.12602061193902045,
            "count": 5
        },
        "AttackingSeq.Losses.ValueLoss.mean": {
            "value": 0.006444236953742802,
            "min": 0.006444236953742802,
            "max": 0.02631893878802657,
            "count": 5
        },
        "AttackingSeq.Losses.ValueLoss.sum": {
            "value": 0.03222118476871401,
            "min": 0.03222118476871401,
            "max": 0.10527575515210628,
            "count": 5
        },
        "AttackingSeq.Policy.LearningRate.mean": {
            "value": 0.00016477588507471998,
            "min": 0.00016477588507471998,
            "max": 0.00028462905512364995,
            "count": 5
        },
        "AttackingSeq.Policy.LearningRate.sum": {
            "value": 0.0008238794253736,
            "min": 0.0008238794253736,
            "max": 0.0012848514717162,
            "count": 5
        },
        "AttackingSeq.Policy.Epsilon.mean": {
            "value": 0.15492528000000003,
            "min": 0.15492528000000003,
            "max": 0.19487634999999998,
            "count": 5
        },
        "AttackingSeq.Policy.Epsilon.sum": {
            "value": 0.7746264000000002,
            "min": 0.7746264000000002,
            "max": 0.9282838000000001,
            "count": 5
        },
        "AttackingSeq.Policy.Beta.mean": {
            "value": 0.0027507714720000002,
            "min": 0.0027507714720000002,
            "max": 0.004744329865,
            "count": 5
        },
        "AttackingSeq.Policy.Beta.sum": {
            "value": 0.013753857360000002,
            "min": 0.013753857360000002,
            "max": 0.02142136162,
            "count": 5
        },
        "AttackingSeq.IsTraining.mean": {
            "value": 1.0,
            "min": 1.0,
            "max": 1.0,
            "count": 5
        },
        "AttackingSeq.IsTraining.sum": {
            "value": 1.0,
            "min": 1.0,
            "max": 1.0,
            "count": 5
        }
    },
    "metadata": {
        "timer_format_version": "0.1.0",
        "start_time_seconds": "1744870834",
        "python_version": "3.8.0 (tags/v3.8.0:fa919fd, Oct 14 2019, 19:37:50) [MSC v.1916 64 bit (AMD64)]",
        "command_line_arguments": "C:\\Users\\User1\\Desktop\\GameWork\\TimeReinforceUs\\RLinGamingTest\\venv\\Scripts\\mlagents-learn config/Config.yaml --initialize-from 1 --run-id=1 --force",
        "mlagents_version": "0.29.0",
        "mlagents_envs_version": "0.29.0",
        "communication_protocol_version": "1.5.0",
        "pytorch_version": "2.4.1+cpu",
        "numpy_version": "1.23.5",
        "end_time_seconds": "1744880250"
    },
    "total": 9415.7539261,
    "count": 1,
    "self": 0.005759399999078596,
    "children": {
        "run_training.setup": {
            "total": 0.08941090000000007,
            "count": 1,
            "self": 0.08941090000000007
        },
        "TrainerController.start_learning": {
            "total": 9415.658755800001,
            "count": 1,
            "self": 3.2720254998585006,
            "children": {
                "TrainerController._reset_env": {
                    "total": 9.1611824,
                    "count": 1,
                    "self": 9.1611824
                },
                "TrainerController.advance": {
                    "total": 9402.988786100144,
                    "count": 155462,
                    "self": 2.9787202002207778,
                    "children": {
                        "env_step": {
                            "total": 8936.231030199982,
                            "count": 155462,
                            "self": 8757.952376799945,
                            "children": {
                                "SubprocessEnvManager._take_step": {
                                    "total": 175.94993119991406,
                                    "count": 155462,
                                    "self": 4.650406999698106,
                                    "children": {
                                        "TorchPolicy.evaluate": {
                                            "total": 171.29952420021596,
                                            "count": 78377,
                                            "self": 29.424579900112633,
                                            "children": {
                                                "TorchPolicy.sample_actions": {
                                                    "total": 141.87494430010332,
                                                    "count": 78377,
                                                    "self": 141.87494430010332
                                                }
                                            }
                                        }
                                    }
                                },
                                "workers": {
                                    "total": 2.328722200123055,
                                    "count": 155461,
                                    "self": 0.0,
                                    "children": {
                                        "worker_root": {
                                            "total": 9395.163301099818,
                                            "count": 155461,
                                            "is_parallel": true,
                                            "self": 794.1407688997588,